City_ID,City,Lat,Lng,Max Temp,Humidity,Cloudiness,Wind Speed,Country,Date
0,gamboma,-1.8764,15.8644,23.25,64,76,2.33,CG,1722912760
1,barabai,-2.5833,115.3833,32.85,49,38,0.9,ID,1722912907
2,adamstown,-25.066,-130.1015,19.2,69,43,6.14,PN,1722912908
3,hadibu,12.65,54.0333,25.17,84,39,8.3,YE,1722912634
4,waitangi,-43.9535,-176.5597,11.57,79,9,2.24,NZ,1722912911
5,mossel bay,-34.1831,22.146,6.96,60,0,2.43,ZA,1722912912
6,blackmans bay,-43.0167,147.3167,15.41,52,95,0.45,AU,1722912350
7,saldanha,-33.0117,17.9442,5.03,86,0,3.77,ZA,1722912574
8,vadso,70.0744,29.7487,10.49,100,20,2.57,NO,1722912915
9,bandar-e lengeh,26.5579,54.8807,33.06,75,84,4.12,IR,1722912916
10,dudinka,69.4058,86.1778,12.66,50,0,9.62,RU,1722912917
11,grytviken,-54.2811,-36.5092,-11.79,75,91,4.88,GS,1722912918
12,bilibino,68.0546,166.4372,6.15,55,100,1.4,RU,1722912919
13,port-aux-francais,-49.35,70.2167,1.23,96,100,13.22,TF,1722912921
14,skelleftea,64.7507,20.9528,11.11,100,3,1.03,SE,1722912923
15,ulladulla,-35.35,150.4667,16.54,58,2,3.17,AU,1722912901
16,uturoa,-16.7333,-151.4333,26.13,82,3,6.52,PF,1722912570
17,iqaluit,63.7506,-68.5145,6.85,75,100,1.03,CA,1722912358
18,bethel,41.3712,-73.414,25.36,87,99,0.45,US,1722912928
19,san rafael del yuma,18.4299,-68.6739,27.76,90,0,3.5,DO,1722912929
20,richards bay,-28.783,32.0377,14.5,76,0,1.93,ZA,1722912930
21,ciudad lazaro cardenas,17.9583,-102.2,26.16,88,99,2.09,MX,1722912362
22,lubny,50.0163,32.9969,18.73,52,100,1.72,UA,1722912932
23,punta arenas,-53.15,-70.9167,-2.94,93,20,1.54,CL,1722912243
24,bonthe,7.5264,-12.505,24.45,89,99,3.69,SL,1722912934
25,flying fish cove,-10.4217,105.6791,23.82,94,75,4.12,CX,1722912559
26,hermanus,-34.4187,19.2345,7.67,79,4,4.63,ZA,1722912513
27,roma,43.2128,-75.4557,22.08,97,75,2.06,US,1722912846
28,hawaiian paradise park,19.5933,-154.9731,27.73,72,20,3.6,US,1722912938
29,stanley,54.868,-1.6985,17.62,93,100,3.6,GB,1722912502
30,ribeira grande,38.5167,-28.7,23.76,90,21,2.67,PT,1722912507
31,college,64.8569,-147.8028,31.18,31,20,4.12,US,1722912941
32,isafjordur,66.0755,-23.124,6.65,95,100,6.24,IS,1722912942
33,iskateley,67.6803,53.1512,8.86,59,5,5.27,RU,1722912556
34,cidreira,-30.1811,-50.2056,16.83,98,100,5.97,BR,1722912769
35,yellowknife,62.456,-114.3525,21.29,32,75,4.63,CA,1722912945
36,jiuquan,39.7432,98.5174,30.31,17,81,2.53,CN,1722912760
37,ola,59.5833,151.2833,14.34,73,100,3.77,RU,1722912949
38,camalu,30.85,-116.0667,27.03,88,100,3.01,MX,1722912950
39,invercargill,-46.4,168.35,14.45,56,73,2.68,NZ,1722912356
40,coahuayana de hidalgo,18.7,-103.6583,26.07,88,90,1.7,MX,1722912952
41,arno,60.1167,18.6333,17.66,93,0,2.02,SE,1722912839
42,ambalangoda,6.2355,80.0538,28.32,78,98,3.69,LK,1722912930
43,lihue,21.9789,-159.3672,28.77,68,0,7.72,US,1722912955
44,sant lluis,39.8526,4.2594,25.22,94,20,1.54,ES,1722912956
45,albany,42.6001,-73.9662,23.29,64,100,2.81,US,1722912893
46,dryden,49.7833,-92.7503,17.16,63,0,2.06,CA,1722912958
47,palmer,42.1584,-72.3287,25.23,64,100,2.88,US,1722912686
48,nova sintra,14.8667,-24.7167,25.89,84,9,3.32,CV,1722912597
49,fale old settlement,-9.3852,-171.2468,27.54,79,90,4.7,TK,1722912963
50,padangsidempuan,1.3667,99.2667,27.71,70,35,0.22,ID,1722912964
51,puerto natales,-51.7236,-72.4875,-3.31,94,65,1.11,CL,1722912841
52,sile,41.1754,29.6133,21.37,70,2,0.45,TR,1722912915
53,mawu,34.4307,104.9176,20.01,76,50,3.16,CN,1722912967
54,afaahiti,-17.75,-149.2833,26.93,82,27,8.1,PF,1722912715
55,namtsy,62.7161,129.6658,16.22,59,99,2.49,RU,1722912969
56,callao,-12.0667,-77.15,17.46,77,100,5.14,PE,1722912837
57,hasaki,35.7333,140.8333,32.94,77,3,4.5,JP,1722912971
58,bredasdorp,-34.5322,20.0403,7.1,85,0,3.35,ZA,1722912972
59,gizo,-8.103,156.8419,27.68,79,97,5.9,SB,1722912973
60,longyearbyen,78.2186,15.6401,7.91,93,75,3.09,SJ,1722912974
61,tiksi,71.6872,128.8694,16.66,49,100,2.18,RU,1722912975
62,kodiak,57.79,-152.4072,12.73,100,75,3.09,US,1722912976
63,hamilton,39.1834,-84.5333,27.25,78,0,0.45,US,1722912970
64,margaret river,-33.95,115.0667,16.78,84,95,10.42,AU,1722912979
65,puerto ayora,-0.7393,-90.3518,20.11,86,61,3.87,EC,1722912980
66,ushuaia,-54.8,-68.3,-4.19,86,0,1.54,AR,1722912938
67,mil'kovo,55.6078,37.7956,15.73,79,98,1.92,RU,1722912983
68,tlahualilo de zaragoza,26.1167,-103.45,30.43,30,30,10.49,MX,1722912984
69,rio grande,-32.035,-52.0986,16.64,98,100,6.04,BR,1722912985
70,udachny,66.4167,112.4,10.77,67,55,11.7,RU,1722912958
71,hastings,50.8552,0.5729,17.66,78,98,3.16,GB,1722912987
72,lompoc,34.6391,-120.4579,15.47,92,75,4.12,US,1722912470
73,sao jose da coroa grande,-8.8978,-35.1478,23.72,71,6,4.13,BR,1722912990
74,lorengau,-2.0226,147.2712,29.41,69,14,3.88,PG,1722912991
75,bel ombre,-4.6167,55.4167,25.91,83,40,7.2,SC,1722912992
76,talnakh,69.4865,88.3972,15.49,45,3,1.72,RU,1722912993
77,bryne,58.7354,5.6477,18.3,87,0,4.63,NO,1722912995
78,nemuro,43.3236,145.575,17.74,97,89,3.16,JP,1722912950
79,papatowai,-46.5619,169.4708,12.8,61,8,3.19,NZ,1722912997
80,la'ie,21.6477,-157.9253,30.98,73,32,1.79,US,1722912998
81,thompson,55.7435,-97.8558,19.09,48,75,1.54,CA,1722912893
82,alice springs,-23.7,133.8833,16.75,51,0,5.66,AU,1722912448
83,tupelo,34.2576,-88.7034,29.16,78,0,0.0,US,1722912790
84,hinatuan,8.3722,126.3342,32.27,57,86,2.06,PH,1722913002
85,yuzhno-kurilsk,44.0306,145.8556,17.91,96,100,3.05,RU,1722913003
86,happy valley-goose bay,53.3168,-60.3315,16.17,63,20,2.57,CA,1722912762
87,saint-philippe,-21.3585,55.7679,18.77,71,8,1.7,RE,1722913005
88,luchenza,-16.0069,35.3095,15.43,60,16,0.91,MW,1722913006
89,aasiaat,68.7098,-52.8699,3.32,95,47,2.06,GL,1722913007
90,crane,31.3974,-102.3501,30.54,41,22,7.01,US,1722913008
91,melekeok village,7.4957,134.6367,34.31,62,100,2.57,PW,1722913010
92,paracuru,-3.41,-39.0306,26.73,81,88,5.96,BR,1722913011
93,margate,51.3813,1.3862,17.05,84,63,3.93,GB,1722912928
94,luoyang,34.6836,112.4536,30.97,65,20,3.52,CN,1722913013
95,praia da vitoria,38.7333,-27.0667,25.14,83,75,2.14,PT,1722912815
96,rawson,-43.3002,-65.1023,9.09,82,100,3.47,AR,1722913015
97,wailua homesteads,22.0669,-159.378,28.44,73,0,7.72,US,1722912578
98,ixtapa,20.7,-105.2,28.46,82,100,0.45,MX,1722912871
99,at taj,24.2049,23.2857,27.42,21,5,4.7,LY,1722913018
100,gamba,-2.65,10.0,20.56,88,15,2.14,GA,1722913019
101,safi,32.1667,-8.8333,19.08,84,0,1.93,MA,1722913020
102,guerrero negro,27.9769,-114.0611,21.65,81,3,5.26,MX,1722913021
103,tralee,52.2704,-9.7026,11.1,96,25,2.51,IE,1722912602
104,zeya,53.75,127.2667,23.49,65,74,1.39,RU,1722913023
105,kimbe,-5.5502,150.1429,32.26,57,77,1.9,PG,1722913024
106,kittila,67.6647,24.8936,8.08,93,0,0.51,FI,1722913025
107,luderitz,-26.6481,15.1594,12.71,61,0,5.28,,1722913026
108,sitka,57.0531,-135.33,16.94,82,20,2.06,US,1722912863
109,quellon,-43.1167,-73.6167,7.07,92,100,4.17,CL,1722912563
110,kristiansund,63.1115,7.732,17.03,96,100,1.54,NO,1722913031
111,arraial do cabo,-22.9661,-42.0278,22.45,87,0,11.1,BR,1722913032
112,orchard mesa,39.043,-108.5523,32.36,25,0,6.17,US,1722913033
113,ocean shores,46.9737,-124.1563,17.43,84,100,4.12,US,1722912884
114,itoman,26.1247,127.6694,32.21,81,75,5.66,JP,1722913035
115,klyuchi,52.2667,79.1667,21.41,55,80,2.97,RU,1722913036
116,ambodifotatra,-16.9833,49.85,21.87,83,58,0.93,MG,1722913037
117,itaituba,-4.2761,-55.9836,23.81,54,4,1.1,BR,1722913038
118,edinburgh of the seven seas,-37.0676,-12.3116,13.64,94,100,11.49,SH,1722912832
119,whitehorse,60.7161,-135.0538,26.43,26,20,5.14,CA,1722913040
120,sao felix do xingu,-6.6447,-51.995,21.87,45,5,0.71,BR,1722912852
121,igarka,67.4667,86.5833,13.17,56,100,4.72,RU,1722912707
122,macapa,0.0389,-51.0664,28.99,79,40,4.63,BR,1722912902
123,vilyuchinsk,52.9306,158.4028,19.15,86,100,2.71,RU,1722912561
124,egilsstadir,65.2653,-14.3948,6.95,93,20,1.03,IS,1722912519
125,sao mateus do sul,-25.8742,-50.3828,15.2,82,4,1.17,BR,1722913047
126,yuxi,24.355,102.5422,24.8,69,68,1.77,CN,1722913048
127,west bay,19.3667,-81.4167,30.04,79,20,3.09,KY,1722913049
128,nishinoomote,30.7333,131.0,30.31,74,20,2.57,JP,1722912780
129,okakarara,-20.5833,17.4333,11.53,33,0,1.68,,1722913051
130,port elizabeth,-33.918,25.5701,11.84,83,0,2.06,ZA,1722913052
131,huarmey,-10.0681,-78.1522,17.25,84,13,4.88,PE,1722913053
132,gambiran satu,-8.3939,114.1464,28.5,76,32,2.29,ID,1722913054
133,loreto,22.2667,-101.9667,19.92,53,4,7.55,MX,1722913055
134,petropavlovsk-kamchatsky,53.0452,158.6483,18.33,63,40,5.0,RU,1722912590
135,weno,7.4515,151.8468,26.97,89,100,0.0,FM,1722912702
136,akureyri,65.6835,-18.0878,9.96,93,75,1.03,IS,1722912786
137,banjar,-8.19,114.9675,31.08,51,27,0.7,ID,1722913059
138,mildura,-34.2,142.15,15.04,69,52,3.76,AU,1722913060
139,olonkinbyen,70.9221,-8.7187,5.73,100,100,2.63,SJ,1722913062
140,saipan,15.1355,145.701,32.39,66,0,4.63,MP,1722913063
141,cabo san lucas,22.8909,-109.9124,30.9,60,0,5.14,MX,1722912349
142,russkaya polyana,49.417,31.9201,16.35,67,17,1.06,UA,1722913065
143,jamestown,42.097,-79.2353,22.79,97,40,3.09,US,1722913066
144,khowai,24.1,91.6333,25.06,97,100,1.15,IN,1722913067
145,n'zeto,-7.2312,12.8666,19.62,89,11,0.8,AO,1722913068
146,atafu village,-8.5421,-172.5159,26.95,80,100,3.63,TK,1722913069
147,aginskoye,51.1,114.53,23.76,39,100,2.46,RU,1722913070
148,anadyr,64.75,177.4833,9.28,57,75,6.0,RU,1722913071
149,teguise,29.0605,-13.564,21.12,68,100,5.66,ES,1722913072
150,nova xavantina,-14.6667,-52.35,20.56,41,0,0.7,BR,1722913073
151,qaqortoq,60.7167,-46.0333,8.28,89,100,1.38,GL,1722912687
152,mahina,-17.5065,-149.489,27.87,65,40,8.23,PF,1722913076
153,puerto colombia,10.9878,-74.9547,29.05,85,100,5.71,CO,1722913077
154,mirnyy,62.5353,113.9611,17.62,76,98,2.65,RU,1722913079
155,pisco,-13.7,-76.2167,15.57,88,0,2.06,PE,1722913080
156,vorgashor,67.5833,63.95,9.43,56,12,2.52,RU,1722913081
157,naracoorte,-36.9579,140.7383,14.51,64,23,7.16,AU,1722913082
158,coquimbo,-29.9533,-71.3436,11.66,73,20,3.09,CL,1722912366
159,nurmes,63.5421,29.1397,12.1,88,91,2.07,FI,1722913088
160,keflavik,64.0049,-22.5624,10.24,100,100,3.09,IS,1722913042
161,ciudad madero,22.2667,-97.8333,29.47,79,0,2.57,MX,1722912861
162,toliara,-23.35,43.6667,17.79,88,0,3.49,MG,1722913091
163,laminusa,5.5549,120.9136,28.41,75,49,3.45,PH,1722913092
164,ar rutbah,33.0381,40.2848,25.61,39,0,5.17,IQ,1722913093
165,east london,-33.0153,27.9116,12.79,49,0,2.12,ZA,1722913094
166,urambo,-5.0667,32.05,16.45,32,10,2.15,TZ,1722913095
167,nuuk,64.1835,-51.7216,8.82,87,100,3.58,GL,1722913096
168,leticia,-4.2153,-69.9406,27.03,89,20,2.06,CO,1722913097
169,tingo maria,-9.2895,-76.0088,20.92,91,61,1.29,PE,1722913098
170,iskushuban,10.2837,50.23,25.8,62,47,9.02,SO,1722913099
171,koton-karfe,8.1,6.8,23.5,87,100,2.73,NG,1722913100
172,madimba,-10.4,40.3333,18.99,87,2,2.25,TZ,1722913101
173,la libertad,-2.2333,-80.9,22.81,88,20,5.66,EC,1722913103
174,chibougamau,49.9168,-74.3659,12.79,62,0,2.57,CA,1722913104
175,nadi,-17.8,177.4167,27.0,47,20,5.66,FJ,1722912957
176,pathein,16.7833,94.7333,24.8,94,100,1.53,MM,1722913106
177,laguna de perlas,12.3429,-83.6712,26.58,88,99,3.75,NI,1722913108
178,uttar char fasson,22.2332,90.7132,27.99,81,100,3.67,BD,1722913109
179,chakradharpur,22.7,85.6333,28.99,77,100,1.99,IN,1722913110
180,holualoa,19.6228,-155.9522,23.64,95,100,2.6,US,1722913111
181,mungwi,-10.1732,31.3694,11.16,46,0,1.4,ZM,1722913112
182,pasuquin,18.3328,120.6177,29.97,79,75,4.63,PH,1722913113
183,hithadhoo,-0.6,73.0833,28.63,69,100,0.71,MV,1722913114
184,labrador city,52.9463,-66.9114,10.95,82,100,2.57,CA,1722913115
185,carbonear,47.7332,-53.2148,20.7,99,100,5.29,CA,1722913118
186,pishva,35.308,51.7267,33.58,17,85,1.66,IR,1722913120
187,merizo village,13.2658,144.6691,30.55,88,100,1.81,GU,1722913121
188,cururupu,-1.8283,-44.8683,22.83,90,41,0.67,BR,1722913122
189,gaigeturi,33.4644,126.3183,30.03,84,75,5.14,KR,1722913123
190,caleta de carquin,-11.0925,-77.6267,17.01,83,14,5.84,PE,1722913124
191,dom pedrito,-30.9828,-54.6731,18.72,98,100,3.24,BR,1722913125
192,caconda,-13.7333,15.0667,13.66,53,2,1.04,AO,1722913126
193,vorkuta,67.5,64.0,9.66,57,15,2.13,RU,1722913127
194,daru,-9.0763,143.2092,24.81,89,96,7.16,PG,1722913128
195,puerto rico,-26.796,-55.024,18.93,75,17,1.51,AR,1722912909
196,alotau,-10.3069,150.4462,25.43,83,100,2.78,PG,1722913130
197,taroa,8.7058,171.2275,28.17,79,94,4.94,MH,1722913131
198,malango,-2.9627,119.9001,25.83,69,31,2.17,ID,1722913133
199,priargunsk,50.3691,119.1012,22.42,64,93,1.38,RU,1722913134
200,chilecito,-29.1619,-67.4974,11.24,33,0,0.96,AR,1722913135
201,mount isa,-20.7333,139.5,23.87,41,0,4.12,AU,1722913136
202,palopo,-2.9996,120.1921,27.87,73,37,1.63,ID,1722913137
203,aquidauana,-20.4711,-55.7872,24.1,34,0,2.18,BR,1722913138
204,kirensk,57.7853,108.1119,24.95,34,6,0.9,RU,1722912860
205,ilulissat,69.2167,-51.1,0.93,86,14,1.49,GL,1722913049
206,murun-kuren,49.6342,100.1625,22.54,48,30,1.65,MN,1722913141
207,georgetown,5.4112,100.3354,29.96,61,20,1.54,MY,1722912886
208,mbekenyera,-10.0,38.9833,15.55,83,0,1.15,TZ,1722913143
209,karratha,-20.7377,116.8463,23.35,30,100,5.47,AU,1722913144
210,zirc,47.2636,17.8737,14.77,83,1,2.72,HU,1722913145
211,zvishavane,-20.3267,30.0665,14.29,85,100,4.5,ZW,1722913146
212,queenstown,-31.8976,26.8753,5.75,31,0,2.48,ZA,1722913147
213,palangkaraya,-2.2,113.8333,31.51,53,92,1.53,ID,1722913148
214,lospalos,-8.5186,127.0025,26.03,63,38,5.59,TL,1722913150
215,xiongzhou,25.1167,114.3,33.66,59,100,0.71,CN,1722913152
216,vermillion,42.7794,-96.9292,21.09,84,37,6.21,US,1722913120
217,fukuecho,32.6881,128.8419,32.2,74,20,2.06,JP,1722913154
218,greymouth,-42.4667,171.2,11.1,67,46,1.48,NZ,1722913014
219,actopan,20.2667,-98.9333,17.04,84,73,2.3,MX,1722913156
220,khandyga,62.6667,135.6,11.89,91,100,1.2,RU,1722913157
221,katsuura,35.1333,140.3,27.75,76,29,3.86,JP,1722913158
222,salinas,36.6777,-121.6555,20.79,80,0,5.14,US,1722913159
223,calvinia,-31.4707,19.776,5.67,44,0,1.88,ZA,1722913160
224,dalnegorsk,44.5604,135.5701,28.37,58,27,2.33,RU,1722913161
225,agadez,19.75,10.25,29.42,24,39,1.52,NE,1722913162
226,waingapu,-9.6567,120.2641,29.39,57,6,7.82,ID,1722913163
227,nantucket,41.2835,-70.0995,24.44,96,40,5.66,US,1722912976
228,acapulco de juarez,16.8634,-99.8901,25.15,79,71,0.6,MX,1722913055
229,tsiombe,-25.3,45.4833,16.8,95,9,0.61,MG,1722913167
230,larache,35.1932,-6.1557,21.06,93,0,3.32,MA,1722913168
231,'alaqahdari dishu,30.4374,63.313,33.98,43,6,8.33,AF,1722913169
232,mbandaka,0.0487,18.2603,21.6,83,93,1.46,CD,1722913170
233,souillac,-20.5167,57.5167,19.21,88,40,0.51,MU,1722913171
234,bathsheba,13.2167,-59.5167,27.34,89,20,3.09,BB,1722913172
235,novi sanzhary,49.3439,34.3108,18.14,56,100,1.21,UA,1722913173
236,howard springs,-12.497,131.047,31.1,50,14,4.28,AU,1722913073
237,rio verde de mato grosso,-18.9181,-54.8442,22.88,31,0,2.57,BR,1722913175
238,saurimo,-9.6608,20.3916,15.58,28,31,2.1,AO,1722913176
239,barra de santo antonio,-9.4047,-35.5072,21.6,75,11,4.68,BR,1722913177
240,derbent,42.0678,48.2899,25.48,76,0,5.26,RU,1722913178
241,ocean city,39.2776,-74.5746,24.54,88,3,5.03,US,1722913171
242,dunedin,-45.8742,170.5036,11.74,55,8,1.24,NZ,1722913180
243,okha,53.5739,142.9478,16.24,91,100,6.06,RU,1722912837
244,hammerfest,70.6634,23.6821,15.62,58,69,3.83,NO,1722913183
245,kone,-21.0595,164.8658,25.08,42,1,2.28,NC,1722913132
246,kapuskasing,49.4169,-82.4331,15.05,76,75,1.54,CA,1722913131
247,salalah,17.0151,54.0924,23.67,95,100,2.16,OM,1722913186
248,yoloten,37.2989,62.3597,29.99,15,0,4.5,TM,1722913188
249,moshkovo,55.3053,83.6104,19.26,71,98,3.13,RU,1722913189
250,kokopo,-4.352,152.2633,30.01,66,84,5.59,PG,1722913190
251,kattivakkam,13.2167,80.3167,29.5,83,100,4.55,IN,1722913191
252,katrineholm,58.9959,16.2072,14.29,94,75,1.21,SE,1722913192
253,khash,28.2211,61.2158,26.45,56,60,1.81,IR,1722913193
254,la passe,45.5549,-0.8967,19.43,90,1,1.35,FR,1722913194
255,capim grosso,-11.3811,-40.0128,16.77,90,0,3.55,BR,1722913196
256,babayevo,59.3936,35.9371,13.89,94,99,1.57,RU,1722913197
257,al mijlad,11.0333,27.7333,24.59,76,100,4.59,SD,1722913198
258,porbandar,21.6422,69.6093,28.22,82,98,7.44,IN,1722913199
259,ginir,7.1333,40.7,15.45,86,98,2.31,ET,1722913200
260,kapa'a,22.0752,-159.319,29.18,72,0,7.72,US,1722913016
261,utrik,11.2278,169.8474,28.38,79,100,4.78,MH,1722913203
262,santa cruz,-17.8,-63.1667,21.7,94,41,2.57,BO,1722913120
263,ankang,32.68,109.0172,30.69,71,3,0.37,CN,1722913206
264,robit,12.0167,39.6333,19.93,79,100,2.46,ET,1722913207
265,dakoro,14.5106,6.765,26.35,76,100,5.45,NE,1722913208
266,bulata,9.8599,122.4016,29.32,77,98,5.73,PH,1722913209
267,banff,51.1762,-115.5698,13.57,94,77,1.54,CA,1722913210
268,ancud,-41.8697,-73.8203,7.24,79,100,4.47,CL,1722913211
269,lethem,3.3803,-59.7968,26.2,72,44,0.78,GY,1722913212
270,avarua,-21.2078,-159.775,25.03,83,100,3.6,CK,1722913098
271,kruisfontein,-34.0033,24.7314,8.49,53,0,2.2,ZA,1722912993
272,fortuna,40.5982,-124.1573,15.52,93,100,2.06,US,1722912975
273,yeniseysk,58.4497,92.1703,21.47,75,87,0.81,RU,1722913217
274,sibiti,-3.6819,13.3499,17.26,88,56,1.1,CG,1722913218
275,ypsilanti,42.2412,-83.613,23.81,91,22,2.54,US,1722913219
276,nuku'alofa,-21.1333,-175.2,24.19,64,20,4.12,TO,1722913199
277,mar del plata,-38.0023,-57.5575,12.01,92,100,6.71,AR,1722913032
278,bayganin,48.6947,55.8742,27.91,27,1,3.24,KZ,1722913223
279,harper,4.375,-7.7169,23.83,86,89,3.14,LR,1722913224
280,chervonohrad,50.391,24.2351,13.99,97,100,2.64,UA,1722913225
281,prado,-17.3411,-39.2208,21.83,80,38,2.48,BR,1722913226
282,santa marta de ortigueira,43.6833,-7.85,20.7,88,91,3.0,ES,1722913227
283,vallenar,-28.5708,-70.7581,10.22,52,52,1.05,CL,1722913228
284,urengoy,65.9667,78.3667,12.01,56,73,8.29,RU,1722913229
285,morehead,37.2711,-87.1764,24.36,95,0,0.0,US,1722913231
286,nyurba,63.2842,118.3319,16.64,68,99,3.14,RU,1722913194
287,le port,-20.9373,55.2919,19.0,74,22,1.83,RE,1722913233
288,laguna,38.421,-121.4238,32.05,40,0,3.09,US,1722913136
289,port saint john's,-31.6229,29.5448,12.34,79,1,2.8,ZA,1722913235
290,cockburn town,21.4612,-71.1419,28.35,84,1,7.7,TC,1722913236
291,fortaleza,-3.7227,-38.5247,26.79,78,20,5.66,BR,1722912719
292,port mathurin,-19.6833,63.4167,22.28,76,19,4.15,MU,1722913238
293,sambava,-14.2667,50.1667,19.1,89,10,2.79,MG,1722913239
294,aykhal,66.0,111.5,12.02,60,70,9.23,RU,1722912953
295,mount gambier,-37.8333,140.7667,14.18,71,26,5.52,AU,1722913211
296,solleftea,63.1667,17.2667,14.92,97,1,0.57,SE,1722913242
297,badger,64.8,-147.5333,31.14,28,20,4.12,US,1722913081
298,gemena,3.25,19.7667,20.33,97,100,0.31,CD,1722913244
299,port moresby,-9.4431,147.1797,29.68,58,40,5.14,PG,1722913245
300,al ghayzah,16.2079,52.176,24.77,89,71,1.08,YE,1722913246
301,burgas,42.5061,27.4678,19.06,98,75,4.12,BG,1722913247
302,fiambala,-27.6871,-67.6149,12.93,16,0,1.43,AR,1722913249
303,puntarenas,9.9763,-84.8384,26.36,82,100,2.04,CR,1722913167
304,erdenet,49.0333,104.0833,18.62,70,7,2.69,MN,1722913251
305,nikel,69.4128,30.222,10.1,66,46,1.06,RU,1722913252
306,fada,7.25,4.0667,22.38,91,100,1.47,NG,1722913253
307,porto novo,6.4965,2.6036,24.9,84,100,4.23,BJ,1722912955
308,floro,61.5996,5.0328,16.04,94,100,5.66,NO,1722913255
309,christchurch,-43.5333,172.6333,15.38,50,0,10.28,NZ,1722912792
310,portland,45.5234,-122.6762,27.42,46,0,2.24,US,1722912834
311,ust'-ilimsk,58.0006,102.6619,25.07,37,20,1.12,RU,1722913258
312,awjilah,29.1081,21.2869,29.2,29,0,2.6,LY,1722912982
313,verkhnevilyuysk,63.4453,120.3167,21.69,57,96,3.87,RU,1722913260
314,madikeri,12.4167,75.7333,19.34,99,100,1.08,IN,1722913262
315,susuman,62.7833,148.1667,17.41,40,100,7.93,RU,1722912921
316,west island,-12.1568,96.8225,27.99,61,75,5.66,CC,1722913110
317,palikir - national government center,6.9248,158.1611,28.59,72,11,4.42,FM,1722913266
318,ocampo,21.65,-101.5,15.56,65,1,4.65,MX,1722913267
319,constantia,44.1833,28.65,20.39,63,91,3.52,RO,1722913239
320,morganton,35.7454,-81.6848,25.23,90,0,0.0,US,1722913269
321,ujae,8.9322,165.7642,28.61,74,80,2.42,MH,1722913271
322,saudarkrokur,65.7461,-19.6394,10.19,86,46,2.4,IS,1722913272
323,nema,57.5067,50.5011,15.87,91,34,1.29,RU,1722913273
324,aoulef,26.9667,1.0833,34.64,15,12,8.07,DZ,1722913274
325,tommot,58.9564,126.2925,12.64,97,100,2.87,RU,1722913275
326,along,28.1667,94.7667,26.37,77,86,0.27,IN,1722913278
327,mormugao,15.4,73.8,26.59,83,40,3.6,IN,1722913279
328,giyani,-23.3025,30.7187,14.19,90,56,1.42,ZA,1722913280
329,trnava,48.3774,17.5872,13.88,82,0,3.02,SK,1722913281
330,chonchi,-42.6128,-73.8092,5.62,96,100,1.9,CL,1722913030
331,dosso,13.049,3.1937,24.92,86,100,5.0,NE,1722913283
332,pingliang,35.5392,106.6861,25.91,67,50,4.43,CN,1722913284
333,buala,-8.145,159.5921,27.03,82,93,4.61,SB,1722913285
334,san patricio,28.017,-97.5169,30.47,64,82,4.66,US,1722913080
335,jacarau,-6.6122,-35.2928,18.42,93,9,3.46,BR,1722913287
336,kavaratti,10.5669,72.642,27.11,85,100,5.37,IN,1722913260
337,cole harbour,44.6724,-63.4751,19.34,90,8,3.09,CA,1722913289
338,haiku-pauwela,20.9219,-156.3051,27.92,69,40,10.29,US,1722913204
339,pacific grove,36.6177,-121.9166,19.34,84,0,4.12,US,1722913042
340,kencong,-8.2833,113.3667,27.05,65,45,2.45,ID,1722913293
341,oberwart,47.2897,16.206,17.16,100,57,1.42,AT,1722913294
342,stiring-wendel,49.2,6.9333,15.85,83,0,1.54,FR,1722913295
343,sretensk,52.2453,117.7093,28.43,35,62,0.44,RU,1722913296
344,swakopmund,-22.6833,14.5333,11.66,85,0,0.45,,1722913297
345,konarka,19.9,86.1167,28.42,70,100,4.74,IN,1722913298
346,springbok,-29.6643,17.8865,5.46,42,0,2.84,ZA,1722913299
347,la ronge,55.1001,-105.2842,18.14,63,100,1.03,CA,1722913196
348,trujillo,-8.116,-79.03,16.98,88,75,5.14,PE,1722912841
349,glazunovka,52.4986,36.3275,17.23,67,91,1.92,RU,1722913302
350,nyaunglebin,17.95,96.7333,25.03,93,100,2.28,MM,1722913303
351,remire-montjoly,4.9167,-52.2667,25.02,100,0,0.0,GF,1722913078
352,st. john's,47.5649,-52.7093,20.64,96,100,8.23,CA,1722913022
353,fatezh,52.0891,35.8632,13.99,63,100,2.33,RU,1722913306
354,cochrane,51.1834,-114.4687,15.15,77,100,12.35,CA,1722913177
355,yingchuan,34.1628,113.4639,29.54,76,4,3.55,CN,1722913308
356,kuanda,56.3161,116.0806,21.77,59,90,1.79,RU,1722913309
357,suntar,62.1444,117.6319,20.21,51,49,3.31,RU,1722913311
358,amga,60.8953,131.9608,10.05,97,100,2.62,RU,1722913312
359,selfoss,63.9331,-20.9971,9.47,96,100,3.07,IS,1722913156
360,praia,14.9215,-23.5087,26.3,89,20,2.57,CV,1722913315
361,al jaradiyah,16.5795,42.9124,29.72,68,96,0.67,SA,1722913316
362,nikolayevsk-on-amure,53.1406,140.73,21.05,81,100,1.52,RU,1722912940
363,ust-nera,64.5667,143.2,18.34,45,100,1.71,RU,1722913147
364,okhotsk,59.3833,143.3,11.37,88,100,9.85,RU,1722913319
365,freetown,8.484,-13.2299,25.84,83,40,3.6,SL,1722913320
366,concepcion de la sierra,-27.9831,-55.5203,19.24,95,59,1.12,AR,1722913321
367,vila velha,-20.3297,-40.2925,20.97,95,20,2.06,BR,1722913037
368,east ballina,-28.8667,153.5833,22.67,50,3,2.28,AU,1722913324
369,naze,28.3667,129.4833,31.51,75,36,4.07,JP,1722913313
370,motueka,-41.1333,173.0167,13.39,63,1,2.83,NZ,1722913327
371,ebon,4.582,168.6964,28.62,72,51,3.67,MH,1722913328
372,lebu,-37.6167,-73.65,7.19,87,40,1.23,CL,1722913329
373,ruteng,-8.6136,120.4721,23.71,62,60,0.56,ID,1722913330
374,huanta,-12.9333,-74.25,13.4,75,92,0.93,PE,1722913331
375,tangalle,6.024,80.7911,26.09,69,82,4.36,LK,1722913332
376,warangal,18.0,79.5833,25.85,86,100,3.32,IN,1722913333
377,schallstadt,47.9598,7.7509,18.33,85,99,0.45,DE,1722913334
378,ilhabela,-23.7781,-45.3581,21.29,72,0,1.51,BR,1722913244
379,wakkanai,45.4094,141.6739,20.99,88,75,2.57,JP,1722913336
380,bubaque,11.2833,-15.8333,26.14,84,100,6.44,GW,1722913337
381,gadzhiyevo,69.2551,33.3362,10.64,63,13,2.08,RU,1722913302
382,jiangyou,31.7667,104.7167,27.92,80,92,0.94,CN,1722913340
383,torres,-29.3353,-49.7269,21.59,98,98,2.58,BR,1722913341
384,road town,18.4167,-64.6167,29.02,79,40,5.14,VG,1722913343
385,namdrik,5.5994,168.1028,28.65,73,64,3.56,MH,1722913344
386,neiafu,-18.65,-173.9833,26.38,69,20,3.09,TO,1722913345
387,mawlaik,23.6333,94.4167,24.01,99,100,0.33,MM,1722913346
388,arraias,-12.9288,-46.9437,19.48,56,0,2.52,BR,1722913347
389,hendek,40.7994,30.7481,16.34,88,1,1.38,TR,1722913348
390,saint-pierre,-21.3393,55.4781,18.82,52,75,5.66,RE,1722913349
391,tual,-5.6667,132.75,25.24,86,52,8.13,ID,1722913350
392,port macquarie,-31.4333,152.9167,19.94,54,7,0.89,AU,1722913296
393,hilo,19.7297,-155.09,27.85,75,20,3.6,US,1722912812
394,mocoreta,-30.6189,-57.9634,18.06,97,44,2.14,AR,1722913354
395,saynshand,44.8824,110.1163,27.36,30,64,2.46,MN,1722913356
396,lata,40.1629,-8.3327,17.26,97,51,1.15,PT,1722913357
397,berezovyy,51.6667,135.7,30.66,49,100,2.28,RU,1722913358
398,lensk,60.7253,114.9278,25.58,30,19,3.32,RU,1722913359
399,marka,1.7159,44.7717,23.97,78,37,7.25,SO,1722913360
400,emerald,-23.5333,148.1667,23.52,57,5,1.21,AU,1722913361
401,san carlos de bariloche,-41.1456,-71.3082,3.86,70,75,6.69,AR,1722913340
402,kerikeri,-35.2268,173.9474,13.81,66,42,3.4,NZ,1722913363
403,tierra blanca,14.5833,-88.5833,20.61,98,25,0.48,HN,1722913364
404,mermoz boabab,14.7065,-17.4758,25.88,89,75,1.03,SN,1722913365
405,tevriz,57.509,72.4042,19.26,79,5,1.28,RU,1722913368
406,najafabad,32.6344,51.3668,26.3,15,13,2.16,IR,1722913369
407,sinabang,2.4803,96.3801,27.95,73,88,0.46,ID,1722913355
408,nuevo imperial,-13.0754,-76.3172,15.79,89,17,2.21,PE,1722913371
409,colonia,50.9333,6.95,18.31,86,0,1.03,DE,1722913007
410,sisimiut,66.9395,-53.6735,4.9,88,55,0.46,GL,1722913373
411,gutierrez zamora,20.45,-97.0833,26.56,84,6,1.96,MX,1722913374
412,ketchikan,55.3422,-131.6461,24.26,46,0,2.57,US,1722913375
413,cox's bazar,21.4532,91.9798,26.72,89,100,5.75,BD,1722913376
414,nahiyat al fuhud,30.9697,46.7228,33.79,16,43,4.12,IQ,1722913377
415,kuvandyk,51.4781,57.3552,22.75,53,99,0.81,RU,1722913378
416,kyzylorda,44.8528,65.5092,27.01,36,0,0.0,KZ,1722913379
417,hirara,24.8,125.2833,30.15,89,75,3.09,JP,1722913222
418,new norfolk,-42.7826,147.0587,16.07,59,75,5.56,AU,1722913104
419,susaki,33.3667,133.2833,32.04,68,23,2.68,JP,1722913382
420,bad driburg,51.7333,9.0167,16.28,86,19,1.34,DE,1722913384
421,padre paraiso,-17.0742,-41.4844,13.04,98,3,1.09,BR,1722913385
422,ji'an,27.1172,114.9793,33.97,53,85,2.34,CN,1722913386
423,el granada,37.5027,-122.4694,19.97,80,100,4.63,US,1722913232
424,oranjemund,-28.55,16.4333,10.94,70,0,3.91,,1722913228
425,belyy yar,53.6039,91.3903,18.94,77,40,4.0,RU,1722913389
426,tura,25.5198,90.2201,23.67,99,100,1.45,IN,1722912670
427,port alfred,-33.5906,26.891,12.34,56,0,2.68,ZA,1722912903
428,kappeln,54.6612,9.9313,16.09,86,2,3.68,DE,1722913392
429,new plymouth,-39.0667,174.0833,12.95,100,23,4.85,NZ,1722913393
430,manggar,-2.8833,108.2667,29.38,64,16,6.53,ID,1722913394
431,mongo,12.1844,18.693,22.94,89,100,2.22,TD,1722913396
432,acajutla,13.5928,-89.8275,27.01,81,50,1.82,SV,1722913398
433,guangming,45.3333,122.7833,29.74,48,13,3.02,CN,1722913399
434,yeppoon,-23.1333,150.7333,24.88,68,21,4.74,AU,1722913400
435,maun,-19.9833,23.4167,14.62,18,0,4.67,BW,1722913401
436,arkhangel'sk,64.5401,40.5433,10.06,100,40,2.0,RU,1722913402
437,tolanaro,-25.0319,46.9987,18.04,88,0,2.06,MG,1722913047
438,carnarvon,-24.8667,113.6333,19.35,51,0,0.99,AU,1722913188
439,sirte,31.2089,16.5887,26.91,61,0,2.2,LY,1722913405
440,khlevnoye,52.1951,39.0932,15.01,62,72,1.64,RU,1722913406
441,tazacorte,28.629,-17.9293,22.54,95,75,5.14,ES,1722913407
442,kissidougou,9.1848,-10.0999,20.91,99,98,2.04,GN,1722913408
443,paita,-5.0892,-81.1144,17.37,84,1,6.37,PE,1722913409
444,vila franca do campo,37.7167,-25.4333,23.23,93,17,2.48,PT,1722913411
445,new shagunnu,10.3396,4.4688,24.21,89,100,4.56,NG,1722913413
446,tazovsky,67.4667,78.7,9.04,63,0,7.23,RU,1722912924
447,al kharj,24.155,47.3346,30.32,11,66,4.09,SA,1722913384
448,dame-marie,18.5667,-74.4167,27.73,87,2,2.69,HT,1722913416
449,xinyuan,37.3,99.0,13.43,56,100,1.66,CN,1722913417
450,santiago de cao,-7.9589,-79.2392,17.07,88,75,5.14,PE,1722913418
451,fort st. john,56.2499,-120.8529,13.94,94,75,1.03,CA,1722913207
452,labytnangi,66.6572,66.4183,9.67,53,33,6.38,RU,1722913082
453,ust'-kut,56.7938,105.7672,25.21,43,8,0.6,RU,1722913421
454,seia,40.4151,-7.7086,19.81,78,0,0.66,PT,1722913422
455,pimentel,-6.8367,-79.9342,17.16,82,75,8.75,PE,1722913423
456,oriximina,-1.7656,-55.8661,26.16,52,3,1.83,BR,1722913424
457,miyaly,48.8844,53.7836,28.06,28,12,2.59,KZ,1722913425
458,dakhla,23.6848,-15.958,19.08,95,19,4.96,EH,1722913426
459,minas de marcona,-15.2119,-75.1103,10.03,89,59,6.89,PE,1722913427
460,port lincoln,-34.7333,135.8667,15.15,62,20,6.53,AU,1722912977
461,odda,60.0691,6.5457,14.69,82,100,2.29,NO,1722913429
462,krasnyy chikoy,50.3643,108.7512,22.59,48,2,0.52,RU,1722913431
463,san andres,12.5847,-81.7006,29.01,84,20,5.66,CO,1722913432
464,alaghsas,17.0187,8.0168,29.21,59,100,4.63,NE,1722913433
465,el nido,11.1858,119.3956,26.75,92,100,5.56,PH,1722913434
466,paramonga,-10.6667,-77.8333,16.87,86,42,4.58,PE,1722913435
467,mahanje,-9.9333,35.3333,11.5,70,3,1.21,TZ,1722913437
468,nouadhibou,20.931,-17.0347,21.99,83,20,6.17,MR,1722913338
469,camocim,-2.9022,-40.8411,25.1,75,90,6.96,BR,1722913439
470,bireun,5.203,96.7009,26.99,78,98,1.46,ID,1722913441
471,danielskuil,-28.1887,23.5395,3.24,49,0,2.39,ZA,1722913442
472,moapa valley,36.5805,-114.4703,40.69,16,81,5.49,US,1722913443
473,lichinga,-13.3128,35.2406,15.05,67,0,3.13,MZ,1722913445
474,bikenibeu village,1.3673,173.1241,31.98,74,20,3.6,KI,1722913275
475,dubrovka,53.6907,33.5071,13.93,88,82,1.81,RU,1722913447
476,sinop,41.7711,34.8709,16.19,96,14,1.1,TR,1722912923
477,olovyannaya,50.95,115.5667,25.07,42,99,0.89,RU,1722913449
478,al miqdadiyah,33.9786,44.9369,32.54,21,0,1.92,IQ,1722913450
479,sao tome,0.3365,6.7273,25.02,78,75,3.09,ST,1722913451
480,basco,20.4487,121.9702,29.54,77,24,7.14,PH,1722912954
481,argo,37.6333,22.7333,24.88,62,0,1.65,GR,1722913453
482,kangding,30.0513,101.9603,24.19,46,0,2.34,CN,1722913377
483,bardai,11.65,7.2333,20.99,96,100,4.89,NG,1722913043
484,wynyard,-41.0,145.7167,11.8,79,98,8.15,AU,1722913456
485,madison,34.7334,-86.5667,27.74,76,0,3.58,US,1722913226
486,tanjung pandan,-2.75,107.65,31.4,53,10,4.13,ID,1722913458
487,rudnichnyy,59.617,52.4703,14.6,98,100,1.76,RU,1722913459
488,jayapura,-2.5333,140.7,31.66,66,31,2.79,ID,1722913460
489,bangar,16.8936,120.4243,30.03,71,100,3.78,PH,1722913461
490,lionel town,17.8101,-77.2406,29.94,86,0,2.08,JM,1722913463
491,kurumkan,54.3,110.3,23.14,50,1,1.74,RU,1722913056
492,timmins,48.4669,-81.3331,15.9,63,75,1.54,CA,1722913285
493,carloforte,39.145,8.3058,23.86,74,82,5.98,IT,1722913466
494,leava,-14.3,-178.1667,26.17,78,82,9.43,WF,1722913467
495,garissa,-0.4536,39.6401,21.33,75,26,5.42,KE,1722913468
496,kapshagay,43.8833,77.0833,29.61,22,100,5.45,KZ,1722913469
497,rongelap,11.1635,166.8941,28.89,78,100,5.99,MH,1722913125
498,rabaul,-4.1967,152.1721,29.61,69,98,4.84,PG,1722913471
499,nar'yan-mar,67.6713,53.087,8.86,59,5,5.29,RU,1722913385
500,enewetak,11.3474,162.3373,29.18,72,100,4.28,MH,1722913044
501,masku,60.5708,22.0988,12.41,100,100,1.54,FI,1722913475
502,sri dungargarh,28.0833,74.0167,28.62,79,42,5.01,IN,1722913476
503,taoudenni,22.6783,-3.9836,35.54,24,2,4.12,ML,1722913477
504,colesberg,-30.72,25.0972,3.55,36,0,1.06,ZA,1722913479
505,pitimbu,-7.4706,-34.8086,21.33,77,8,4.86,BR,1722913480
506,nagqu,31.5,92.0,12.45,58,11,2.85,CN,1722913481
507,juan griego,11.0817,-63.9655,24.66,94,84,3.06,VE,1722913482
508,al jubayl,27.0112,49.6583,34.07,38,94,5.1,SA,1722913258
509,oruro,-17.9833,-67.15,4.27,45,20,6.17,BO,1722913231
510,la sarre,48.8002,-79.1996,12.9,65,39,1.71,CA,1722913485
511,grottaglie,40.5392,17.4337,25.76,46,0,2.37,IT,1722913486
512,port hedland,-20.3167,118.5667,25.03,31,100,4.63,AU,1722913487
513,nguigmi,14.2495,13.1092,26.31,74,97,4.31,NE,1722913488
514,stephenville,32.2207,-98.2023,28.42,48,0,2.06,US,1722913211
515,anaconda,46.1285,-112.9423,18.55,64,81,1.88,US,1722913490
516,phongsali,21.6833,102.1058,27.18,59,51,0.64,LA,1722913491
517,thames,-37.1333,175.5333,13.36,64,15,0.5,NZ,1722913492
518,salahonda,2.1019,-78.7217,25.91,82,100,3.97,CO,1722913493
519,sayat,38.7839,63.8803,26.93,16,0,7.34,TM,1722913494
520,ilebo,-4.3167,20.5833,21.88,68,57,0.5,CD,1722913334
521,brookings,44.3114,-96.7984,17.0,92,100,5.14,US,1722913424
522,barah,13.7,30.3667,26.72,65,100,6.08,SD,1722913498
523,waajid,3.8096,43.2463,20.94,75,49,6.67,SO,1722913499
524,nalut,30.3333,10.85,24.58,67,0,7.67,LY,1722913500
525,sittwe,20.15,92.9,25.21,94,100,4.31,MM,1722913501
526,puerto san jose,13.9256,-90.8244,26.76,82,99,2.3,GT,1722913502
527,binh long,11.6512,106.6071,31.97,75,52,1.68,VN,1722913503
528,mili,6.0815,171.735,28.61,74,39,4.73,MH,1722913399
529,zhangatas,43.5667,69.75,27.48,23,5,3.59,KZ,1722913505
530,noumea,-22.2763,166.4572,23.99,99,1,7.58,NC,1722913506
531,greater sudbury,46.49,-80.99,17.54,71,100,1.9,CA,1722913214
532,west end,26.6833,-78.9667,28.99,83,100,8.49,BS,1722913509
533,anapa,44.8908,37.3239,19.19,100,40,2.0,RU,1722913510
534,elkins,38.9259,-79.8467,22.39,87,0,0.0,US,1722913511
535,cerritos,33.8583,-118.0648,33.05,56,0,4.12,US,1722913450
536,itacoatiara,-3.1431,-58.4442,24.98,53,0,1.36,BR,1722913513
537,las tablas,7.7667,-80.2833,25.65,99,100,1.87,PA,1722913514
538,prince albert,53.2001,-105.7677,16.97,72,100,4.63,CA,1722913515
539,labuan,5.2767,115.2417,30.2,79,20,1.03,MY,1722913151
540,tyrnyauz,43.3828,42.9183,15.38,64,0,3.2,RU,1722913517
541,ain sefra,32.75,-0.5833,28.08,15,99,2.97,DZ,1722913518
542,pangody,65.85,74.4859,11.66,55,0,7.22,RU,1722913485
543,kebili,33.7044,8.969,25.41,68,0,4.18,TN,1722913520
544,lazaro cardenas,17.9583,-102.2,26.16,88,99,2.09,MX,1722913521
545,yemetsk,63.4721,41.7941,11.91,70,51,2.41,RU,1722913522
546,sakakah,29.9697,40.2064,25.76,29,0,3.13,SA,1722913434
547,avetrana,40.3529,17.7349,23.69,55,0,3.6,IT,1722913524
548,khilok,51.3674,110.4676,21.16,45,0,2.42,RU,1722913525
549,raduzhnyy,62.0961,77.475,12.54,78,99,6.92,RU,1722913527
550,vilyuysk,63.7553,121.6247,20.07,56,98,3.11,RU,1722913526
551,kitimat,54.0524,-128.6534,31.21,48,6,1.68,CA,1722913529
552,moranbah,-22.0016,148.0466,24.67,40,0,1.03,AU,1722913530
553,polyarnyy,69.1989,33.4478,10.44,62,28,2.25,RU,1722913308
554,orkney,-26.9802,26.6727,3.92,47,0,0.57,ZA,1722913532
555,canarana,-11.6847,-41.7689,16.84,75,8,4.29,BR,1722913533
556,mo i rana,66.3128,14.1428,14.62,87,0,1.03,NO,1722913534
557,oban,56.4127,-5.4706,11.88,90,53,1.57,GB,1722913535
558,cabrobo,-8.5142,-39.31,20.97,76,5,8.51,BR,1722913356
559,aldama,22.9167,-98.0667,26.0,91,0,1.71,MX,1722913537
560,tofol,5.3248,163.0078,29.88,74,75,3.6,FM,1722913162
561,yarmouth,41.7057,-70.2286,24.44,86,0,6.17,US,1722913539
562,kiunga,-6.1219,141.2906,27.89,76,96,1.42,PG,1722913067
563,iquique,-20.2208,-70.1431,16.02,80,65,0.5,CL,1722913289
564,sao vicente,-23.9631,-46.3919,27.1,68,0,1.61,BR,1722913455
565,kuqa,41.7278,82.9364,30.19,30,64,6.32,CN,1722913544
566,alliance,40.9153,-81.1059,24.78,90,70,2.74,US,1722913344
567,tetyushi,54.9382,48.8366,19.36,64,100,2.51,RU,1722913546
568,qingdao,36.0986,120.3719,28.78,84,20,5.0,CN,1722913547
569,antsiranana,-12.2787,49.2917,21.97,72,9,5.49,MG,1722913548
570,illizi,26.4833,8.4667,28.89,28,0,1.37,DZ,1722913549
571,asau,46.4333,26.4,16.51,96,100,1.59,RO,1722913550
572,zhanibek,49.4167,46.85,23.15,64,37,4.45,KZ,1722913551
573,hermosillo,29.0667,-110.9667,36.95,36,75,4.12,MX,1722913552
574,akrehamn,59.2667,5.1833,18.33,68,100,6.17,NO,1722913553
575,reggane,26.7158,0.1714,35.88,13,71,6.91,DZ,1722913256
576,vimmerby,57.6659,15.8552,13.92,89,53,1.0,SE,1722913555
577,dandong,40.1292,124.3947,27.94,82,100,1.39,CN,1722913556
578,tindouf,27.6711,-8.1474,33.25,9,3,4.12,DZ,1722913164
579,ust-tsilma,65.441,52.1498,11.83,58,8,3.41,RU,1722913560
580,alofi,-19.0595,-169.9187,24.94,69,75,4.12,NU,1722913124
